PRAGMA defer_foreign_keys=TRUE;
CREATE TABLE users (   id INTEGER PRIMARY KEY AUTOINCREMENT,   name TEXT,   family TEXT,   email TEXT UNIQUE,   password TEXT,   balance REAL DEFAULT 0.0 , role TEXT DEFAULT 'user', profile_image_url TEXT);
INSERT INTO "users" VALUES(2,'Admin','Admin','kiro@kiro.com','Admin1234',0,'admin','/default-avatar.png');
INSERT INTO "users" VALUES(12,'Admin1','Admin','kiro@kiro','Admin1234',0,'admin','/default-avatar.png');
INSERT INTO "users" VALUES(13,'Abanoub Salah ','اسرة الانبا كاراس','abanoubs974@gmail.com','Elbob_2002',54,'user','/default-avatar.png');
INSERT INTO "users" VALUES(14,'Mina','اسرة الانبا كاراس','regigo9856@canvect.com','123456',51,'user','/default-avatar.png');
INSERT INTO "users" VALUES(16,'Youssef Ayman','اسرة الانبا كاراس','j@gmail.com','joe_123',26,'user','https://res.cloudinary.com/dhbanzq4n/image/upload/v1762963377/xej8mvlsrj4ctg2uir16.jpg');
INSERT INTO "users" VALUES(17,'N','اسرة مارجرس','n@n','1',5,'user','https://res.cloudinary.com/dhbanzq4n/image/upload/v1762963529/qiwtm213gowgwtb8otop.jpg');
INSERT INTO "users" VALUES(19,'B','اسرة الانبا موسي الاسود','b@b','1',25,'user','/default-avatar.png');
INSERT INTO "users" VALUES(20,'Youssef Ayman ','اسرة الانبا كاراس','ja_@gmail.com','123456789',62,'user','https://res.cloudinary.com/dhbanzq4n/image/upload/v1763010076/w2squpnlpha1i0flc18d.jpg');
INSERT INTO "users" VALUES(21,'Fady','اسرة الانبا موسي الاسود','Fadylewis@outlook.com','qwerty_1234',10,'user','/default-avatar.png');
INSERT INTO "users" VALUES(22,'L','اسرة الانبا موسي الاسود','l@l','1',52,'user','/default-avatar.png');
INSERT INTO "users" VALUES(23,'N','اسرة مارجرس','v@v','1',14,'user','/default-avatar.png');
CREATE TABLE quizzes (  id INTEGER PRIMARY KEY AUTOINCREMENT, question_text TEXT NOT NULL, option_a TEXT NOT NULL, option_b TEXT NOT NULL, option_c TEXT NOT NULL, correct_option TEXT NOT NULL, points INTEGER DEFAULT 10, is_active INTEGER DEFAULT 1, created_at TIMESTAMP DEFAULT CURRENT_TIMESTAMP  );
INSERT INTO "quizzes" VALUES(1,'Ki','A','B','C','option_a',7,0,'2025-11-13 03:01:53');
INSERT INTO "quizzes" VALUES(2,'P','O','9','I','option_a',3,0,'2025-11-13 03:20:45');
INSERT INTO "quizzes" VALUES(3,'اهلا','تمام','كويس','بخير','option_c',6,0,'2025-11-13 06:14:04');
INSERT INTO "quizzes" VALUES(4,'Look at this series: 80, 10, 70, 15, 60, . . . What number should come next?','20','25','50','option_a',5,1,'2025-11-13 14:18:44');
CREATE TABLE user_answers (   id INTEGER PRIMARY KEY AUTOINCREMENT,   user_email TEXT NOT NULL,   quiz_id INTEGER NOT NULL,   answered_correctly INTEGER NOT NULL,   answered_at TIMESTAMP DEFAULT CURRENT_TIMESTAMP,   FOREIGN KEY (quiz_id) REFERENCES quizzes(id) );
INSERT INTO "user_answers" VALUES(1,'k@k',2,0,'2025-11-13 06:03:26');
INSERT INTO "user_answers" VALUES(2,'n@n',2,0,'2025-11-13 06:03:40');
INSERT INTO "user_answers" VALUES(3,'b@b',2,0,'2025-11-13 06:03:55');
INSERT INTO "user_answers" VALUES(4,'ja_@gmail.com',2,1,'2025-11-13 06:05:52');
INSERT INTO "user_answers" VALUES(5,'k@k',3,1,'2025-11-13 06:14:41');
INSERT INTO "user_answers" VALUES(6,'b@b',3,0,'2025-11-13 06:21:34');
INSERT INTO "user_answers" VALUES(7,'Fadylewis@outlook.com',4,0,'2025-11-13 16:17:37');
INSERT INTO "user_answers" VALUES(8,'b@b',4,1,'2025-11-13 18:53:18');
INSERT INTO "user_answers" VALUES(9,'k@k',4,1,'2025-11-13 20:33:19');
INSERT INTO "user_answers" VALUES(10,'l@l',4,1,'2025-11-13 23:22:52');
INSERT INTO "user_answers" VALUES(11,'v@v',4,1,'2025-11-14 14:42:01');
CREATE TABLE transactions (   id INTEGER PRIMARY KEY AUTOINCREMENT,   user_email TEXT NOT NULL,   amount INTEGER NOT NULL,   reason TEXT,   created_at TIMESTAMP DEFAULT CURRENT_TIMESTAMP,   FOREIGN KEY (user_email) REFERENCES users(email) );
INSERT INTO "transactions" VALUES(2,'ja_@gmail.com',2,'إضافة جماعية من الأدمن','2025-11-13 10:54:10');
INSERT INTO "transactions" VALUES(3,'j@gmail.com',2,'إضافة جماعية من الأدمن','2025-11-13 10:54:10');
INSERT INTO "transactions" VALUES(4,'ja_@gmail.com',2,'إضافة جماعية من الأدمن','2025-11-13 11:04:41');
INSERT INTO "transactions" VALUES(5,'j@gmail.com',2,'إضافة جماعية من الأدمن','2025-11-13 11:04:41');
INSERT INTO "transactions" VALUES(6,'regigo9856@canvect.com',5,'إضافة جماعية من الأدمن','2025-11-13 11:05:12');
INSERT INTO "transactions" VALUES(7,'j@gmail.com',5,'إضافة جماعية من الأدمن','2025-11-13 11:05:12');
INSERT INTO "transactions" VALUES(8,'b@b',5,'إضافة جماعية من الأدمن','2025-11-13 11:49:55');
INSERT INTO "transactions" VALUES(9,'b@b',50,'إضافة جماعية من الأدمن','2025-11-13 11:50:33');
INSERT INTO "transactions" VALUES(10,'regigo9856@canvect.com',28,'إضافة جماعية من الأدمن','2025-11-13 11:51:21');
INSERT INTO "transactions" VALUES(11,'abanoubs974@gmail.com',1,'إضافة جماعية من الأدمن','2025-11-13 12:09:40');
INSERT INTO "transactions" VALUES(12,'j@gmail.com',1,'إضافة جماعية من الأدمن','2025-11-13 18:52:16');
INSERT INTO "transactions" VALUES(13,'j@gmail.com',3,'إضافة جماعية من الأدمن','2025-11-13 18:52:24');
INSERT INTO "transactions" VALUES(14,'j@gmail.com',3,'إضافة جماعية من الأدمن','2025-11-13 18:52:39');
INSERT INTO "transactions" VALUES(15,'b@b',5,'مكافأة: إجابة صحيحة على سؤال اليوم','2025-11-13 18:53:18');
INSERT INTO "transactions" VALUES(16,'b@b',5,'إضافة جماعية من الأدمن','2025-11-13 20:12:59');
INSERT INTO "transactions" VALUES(18,'b@b',-5,'شراء عنصر: عصير','2025-11-13 21:47:15');
INSERT INTO "transactions" VALUES(19,'b@b',-5,'شراء عنصر: عصير','2025-11-13 21:47:31');
INSERT INTO "transactions" VALUES(20,'b@b',-5,'شراء عنصر: عصير','2025-11-13 21:55:31');
INSERT INTO "transactions" VALUES(21,'b@b',-5,'شراء عنصر: عصير','2025-11-13 21:56:16');
INSERT INTO "transactions" VALUES(22,'b@b',-5,'شراء عنصر: عصير','2025-11-13 21:56:51');
INSERT INTO "transactions" VALUES(23,'b@b',-5,'شراء عنصر: عصير','2025-11-13 21:59:52');
INSERT INTO "transactions" VALUES(24,'b@b',-5,'شراء عنصر: عصير','2025-11-13 22:02:14');
INSERT INTO "transactions" VALUES(25,'b@b',-5,'شراء عنصر: عصير','2025-11-13 22:02:40');
INSERT INTO "transactions" VALUES(26,'b@b',-5,'شراء عنصر: عصير','2025-11-13 22:06:52');
INSERT INTO "transactions" VALUES(27,'l@l',20,'إضافة جماعية من الأدمن','2025-11-13 22:08:00');
INSERT INTO "transactions" VALUES(28,'l@l',5,'إضافة يدوية من الأدمن','2025-11-13 22:08:12');
INSERT INTO "transactions" VALUES(29,'l@l',-1,'شراء عنصر: K','2025-11-13 22:08:35');
INSERT INTO "transactions" VALUES(30,'l@l',-1,'شراء عنصر: K','2025-11-13 22:10:45');
INSERT INTO "transactions" VALUES(31,'l@l',-1,'شراء عنصر: K','2025-11-13 22:11:40');
INSERT INTO "transactions" VALUES(32,'l@l',-1,'شراء عنصر: K','2025-11-13 22:12:15');
INSERT INTO "transactions" VALUES(33,'l@l',-1,'شراء عنصر: K','2025-11-13 22:14:28');
INSERT INTO "transactions" VALUES(34,'l@l',-5,'شراء عنصر: عصير','2025-11-13 22:14:34');
INSERT INTO "transactions" VALUES(35,'l@l',-1,'شراء عنصر: K','2025-11-13 22:22:04');
INSERT INTO "transactions" VALUES(36,'l@l',-1,'شراء عنصر: K','2025-11-13 22:24:16');
INSERT INTO "transactions" VALUES(37,'l@l',-1,'شراء عنصر: K','2025-11-13 22:32:16');
INSERT INTO "transactions" VALUES(38,'l@l',5,'إضافة يدوية من الأدمن','2025-11-13 22:50:46');
INSERT INTO "transactions" VALUES(39,'l@l',-5,'شراء عنصر: عصير','2025-11-13 23:06:28');
INSERT INTO "transactions" VALUES(40,'l@l',-5,'شراء عنصر: عصير','2025-11-13 23:12:30');
INSERT INTO "transactions" VALUES(41,'l@l',-5,'شراء عنصر: عصير','2025-11-13 23:14:03');
INSERT INTO "transactions" VALUES(42,'l@l',50,'إضافة يدوية من الأدمن','2025-11-13 23:18:41');
INSERT INTO "transactions" VALUES(43,'l@l',-5,'شراء عنصر: عصير','2025-11-13 23:19:03');
INSERT INTO "transactions" VALUES(44,'l@l',-5,'شراء عنصر: عصير','2025-11-13 23:22:44');
INSERT INTO "transactions" VALUES(45,'l@l',5,'مكافأة: إجابة صحيحة على سؤال اليوم','2025-11-13 23:22:52');
INSERT INTO "transactions" VALUES(46,'l@l',-5,'شراء عنصر: عصير','2025-11-13 23:28:27');
INSERT INTO "transactions" VALUES(47,'l@l',-5,'شراء عنصر: عصير','2025-11-13 23:28:44');
INSERT INTO "transactions" VALUES(48,'l@l',-5,'شراء عنصر: عصير','2025-11-13 23:31:51');
INSERT INTO "transactions" VALUES(49,'l@l',-5,'شراء عنصر: عصير','2025-11-13 23:35:04');
INSERT INTO "transactions" VALUES(50,'l@l',-5,'شراء عنصر: عصير','2025-11-13 23:56:21');
INSERT INTO "transactions" VALUES(51,'b@b',-5,'شراء عنصر: عصير١','2025-11-14 00:54:38');
INSERT INTO "transactions" VALUES(52,'ja_@gmail.com',50,'إضافة جماعية من الأدمن','2025-11-14 00:55:25');
INSERT INTO "transactions" VALUES(53,'v@v',50,'إضافة جماعية من الأدمن','2025-11-14 00:57:37');
INSERT INTO "transactions" VALUES(54,'v@v',55,'إضافة يدوية من الأدمن','2025-11-14 00:58:20');
INSERT INTO "transactions" VALUES(55,'v@v',-84,'خصم يدوي من الأدمن','2025-11-14 00:59:02');
INSERT INTO "transactions" VALUES(56,'v@v',-5,'شراء عنصر: عصير١','2025-11-14 01:03:48');
INSERT INTO "transactions" VALUES(57,'v@v',-2,'شراء عنصر: البركة','2025-11-14 01:15:34');
INSERT INTO "transactions" VALUES(58,'l@l',20,'إضافة يدوية من الأدمن','2025-11-14 01:27:05');
INSERT INTO "transactions" VALUES(59,'b@b',10,'إضافة جماعية من الأدمن','2025-11-14 14:18:25');
INSERT INTO "transactions" VALUES(60,'Fadylewis@outlook.com',10,'إضافة جماعية من الأدمن','2025-11-14 14:18:25');
INSERT INTO "transactions" VALUES(61,'l@l',10,'إضافة جماعية من الأدمن','2025-11-14 14:18:25');
INSERT INTO "transactions" VALUES(62,'v@v',-5,'شراء عنصر: ميكس','2025-11-14 14:27:26');
INSERT INTO "transactions" VALUES(63,'v@v',5,'مكافأة: إجابة صحيحة على سؤال اليوم','2025-11-14 14:42:01');
INSERT INTO "transactions" VALUES(64,'j@gmail.com',2,'إضافة جماعية من الأدمن','2025-11-14 14:42:40');
INSERT INTO "transactions" VALUES(65,'abanoubs974@gmail.com',2,'إضافة جماعية من الأدمن','2025-11-14 14:42:40');
CREATE TABLE store_items ( id INTEGER PRIMARY KEY, name TEXT NOT NULL, price INTEGER NOT NULL, image_url TEXT,  description TEXT  );
INSERT INTO "store_items" VALUES(1,'عصير١',5,'',NULL);
INSERT INTO "store_items" VALUES(2,'ميكس',5,'',NULL);
INSERT INTO "store_items" VALUES(3,'البركة',50,'https://res.cloudinary.com/dhbanzq4n/image/upload/v1763082008/suwx6dpjnoczxufdbcnq.jpg',NULL);
INSERT INTO "store_items" VALUES(4,'ajex',30,'',NULL);
INSERT INTO "store_items" VALUES(5,'Kop',2,'',NULL);
CREATE TABLE user_unlocked_items (     id INTEGER PRIMARY KEY,     user_email TEXT NOT NULL,     item_id INTEGER NOT NULL,     purchased_at TEXT DEFAULT CURRENT_TIMESTAMP,     FOREIGN KEY (user_email) REFERENCES users(email),     FOREIGN KEY (item_id) REFERENCES store_items(id) );
INSERT INTO "user_unlocked_items" VALUES(9,'b@b',1,'2025-11-13 21:47:15');
INSERT INTO "user_unlocked_items" VALUES(10,'b@b',1,'2025-11-13 21:47:31');
INSERT INTO "user_unlocked_items" VALUES(11,'b@b',1,'2025-11-13 21:55:31');
INSERT INTO "user_unlocked_items" VALUES(12,'b@b',1,'2025-11-13 21:56:16');
INSERT INTO "user_unlocked_items" VALUES(13,'b@b',1,'2025-11-13 21:56:51');
INSERT INTO "user_unlocked_items" VALUES(14,'b@b',1,'2025-11-13 21:59:52');
INSERT INTO "user_unlocked_items" VALUES(15,'b@b',1,'2025-11-13 22:02:14');
INSERT INTO "user_unlocked_items" VALUES(16,'b@b',1,'2025-11-13 22:02:40');
INSERT INTO "user_unlocked_items" VALUES(17,'b@b',1,'2025-11-13 22:06:52');
INSERT INTO "user_unlocked_items" VALUES(23,'l@l',1,'2025-11-13 22:14:34');
INSERT INTO "user_unlocked_items" VALUES(24,'l@l',1,'2025-11-13 23:06:28');
INSERT INTO "user_unlocked_items" VALUES(25,'l@l',1,'2025-11-13 23:12:30');
INSERT INTO "user_unlocked_items" VALUES(26,'l@l',1,'2025-11-13 23:14:03');
INSERT INTO "user_unlocked_items" VALUES(27,'l@l',1,'2025-11-13 23:19:03');
INSERT INTO "user_unlocked_items" VALUES(28,'l@l',1,'2025-11-13 23:22:44');
INSERT INTO "user_unlocked_items" VALUES(29,'l@l',1,'2025-11-13 23:28:27');
INSERT INTO "user_unlocked_items" VALUES(30,'l@l',1,'2025-11-13 23:28:44');
INSERT INTO "user_unlocked_items" VALUES(31,'l@l',1,'2025-11-13 23:31:51');
INSERT INTO "user_unlocked_items" VALUES(32,'l@l',1,'2025-11-13 23:35:04');
INSERT INTO "user_unlocked_items" VALUES(33,'l@l',1,'2025-11-13 23:56:21');
INSERT INTO "user_unlocked_items" VALUES(34,'b@b',1,'2025-11-14 00:54:38');
INSERT INTO "user_unlocked_items" VALUES(35,'v@v',1,'2025-11-14 01:03:48');
INSERT INTO "user_unlocked_items" VALUES(36,'v@v',3,'2025-11-14 01:15:34');
INSERT INTO "user_unlocked_items" VALUES(37,'v@v',2,'2025-11-14 14:27:26');
DELETE FROM sqlite_sequence;
INSERT INTO "sqlite_sequence" VALUES('users',23);
INSERT INTO "sqlite_sequence" VALUES('quizzes',4);
INSERT INTO "sqlite_sequence" VALUES('user_answers',11);
INSERT INTO "sqlite_sequence" VALUES('transactions',65);
